Library,Operation,Data Size,Mean Time (s),Median Time (s),Std Dev (s),Min Time (s),Max Time (s),Memory Peak (MB),Memory Mean (MB),CPU Utilization (%)
avro,aggregate,"100,000",0.017966,0.017966,0.000000,0.017966,0.017966,0.00,0.00,0.00
avro,aggregate,"500,000",0.017966,0.017966,0.000000,0.017966,0.017966,0.00,0.00,0.00
avro,aggregate,"1,000,000",0.017966,0.017966,0.000000,0.017966,0.017966,0.00,0.00,0.00
avro,aggregate,"5,000,000",0.017966,0.017966,0.000000,0.017966,0.017966,0.00,0.00,0.00
avro,create,"100,000",0.090138,0.090138,0.000000,0.090138,0.090138,0.00,0.00,0.00
avro,create,"500,000",0.090138,0.090138,0.000000,0.090138,0.090138,0.00,0.00,0.00
avro,create,"1,000,000",0.090138,0.090138,0.000000,0.090138,0.090138,0.00,0.00,0.00
avro,create,"5,000,000",0.090138,0.090138,0.000000,0.090138,0.090138,0.00,0.00,0.00
avro,filter,"100,000",0.003334,0.003334,0.000000,0.003334,0.003334,0.00,0.00,0.00
avro,filter,"500,000",0.003334,0.003334,0.000000,0.003334,0.003334,0.00,0.00,0.00
avro,filter,"1,000,000",0.003334,0.003334,0.000000,0.003334,0.003334,0.00,0.00,0.00
avro,filter,"5,000,000",0.003334,0.003334,0.000000,0.003334,0.003334,0.00,0.00,0.00
avro,join,"100,000",0.032998,0.032998,0.000000,0.032998,0.032998,0.00,0.00,0.00
avro,join,"500,000",0.032998,0.032998,0.000000,0.032998,0.032998,0.00,0.00,0.00
avro,join,"1,000,000",0.032998,0.032998,0.000000,0.032998,0.032998,0.00,0.00,0.00
avro,join,"5,000,000",0.032998,0.032998,0.000000,0.032998,0.032998,0.00,0.00,0.00
avro,sort,"100,000",0.036177,0.036177,0.000000,0.036177,0.036177,0.00,0.00,0.00
avro,sort,"500,000",0.036177,0.036177,0.000000,0.036177,0.036177,0.00,0.00,0.00
avro,sort,"1,000,000",0.036177,0.036177,0.000000,0.036177,0.036177,0.00,0.00,0.00
avro,sort,"5,000,000",0.036177,0.036177,0.000000,0.036177,0.036177,0.00,0.00,0.00
bisect_std,create,"100,000",0.000034,0.000034,0.000000,0.000034,0.000034,0.00,0.00,0.00
bisect_std,create,"500,000",0.000023,0.000023,0.000000,0.000023,0.000023,0.00,0.00,0.00
bisect_std,create,"1,000,000",0.000023,0.000023,0.000000,0.000023,0.000023,0.00,0.00,0.00
bisect_std,create,"5,000,000",0.000025,0.000025,0.000000,0.000025,0.000025,0.00,0.00,0.00
clickhouse,aggregate,"100,000",0.024085,0.024085,0.000000,0.024085,0.024085,0.00,0.00,0.00
clickhouse,aggregate,"500,000",0.024085,0.024085,0.000000,0.024085,0.024085,0.00,0.00,0.00
clickhouse,aggregate,"1,000,000",0.024085,0.024085,0.000000,0.024085,0.024085,0.00,0.00,0.00
clickhouse,aggregate,"5,000,000",0.024085,0.024085,0.000000,0.024085,0.024085,0.00,0.00,0.00
clickhouse,create,"100,000",0.064866,0.064866,0.000000,0.064866,0.064866,0.00,0.00,0.00
clickhouse,create,"500,000",0.064866,0.064866,0.000000,0.064866,0.064866,0.00,0.00,0.00
clickhouse,create,"1,000,000",0.064866,0.064866,0.000000,0.064866,0.064866,0.00,0.00,0.00
clickhouse,create,"5,000,000",0.064866,0.064866,0.000000,0.064866,0.064866,0.00,0.00,0.00
clickhouse,filter,"100,000",0.012082,0.012082,0.000000,0.012082,0.012082,0.00,0.00,0.00
clickhouse,filter,"500,000",0.012082,0.012082,0.000000,0.012082,0.012082,0.00,0.00,0.00
clickhouse,filter,"1,000,000",0.012082,0.012082,0.000000,0.012082,0.012082,0.00,0.00,0.00
clickhouse,filter,"5,000,000",0.012082,0.012082,0.000000,0.012082,0.012082,0.00,0.00,0.00
clickhouse,join,"100,000",0.014842,0.014842,0.000000,0.014842,0.014842,0.00,0.00,0.00
clickhouse,join,"500,000",0.014842,0.014842,0.000000,0.014842,0.014842,0.00,0.00,0.00
clickhouse,join,"1,000,000",0.014842,0.014842,0.000000,0.014842,0.014842,0.00,0.00,0.00
clickhouse,join,"5,000,000",0.014842,0.014842,0.000000,0.014842,0.014842,0.00,0.00,0.00
clickhouse,sort,"100,000",0.038742,0.038742,0.000000,0.038742,0.038742,0.00,0.00,0.00
clickhouse,sort,"500,000",0.038742,0.038742,0.000000,0.038742,0.038742,0.00,0.00,0.00
clickhouse,sort,"1,000,000",0.038742,0.038742,0.000000,0.038742,0.038742,0.00,0.00,0.00
clickhouse,sort,"5,000,000",0.038742,0.038742,0.000000,0.038742,0.038742,0.00,0.00,0.00
collections_std,aggregate,"100,000",0.004598,0.004598,0.000000,0.004598,0.004598,0.00,0.00,0.00
collections_std,aggregate,"500,000",0.019446,0.019446,0.000000,0.019446,0.019446,0.00,0.00,0.00
collections_std,aggregate,"1,000,000",0.039168,0.039168,0.000000,0.039168,0.039168,0.00,0.00,0.00
collections_std,aggregate,"5,000,000",0.194245,0.194245,0.000000,0.194245,0.194245,0.00,0.00,0.00
collections_std,create,"100,000",0.002933,0.002933,0.000000,0.002933,0.002933,0.00,0.00,0.00
collections_std,create,"500,000",0.013276,0.013276,0.000000,0.013276,0.013276,0.00,0.00,0.00
collections_std,create,"1,000,000",0.027732,0.027732,0.000000,0.027732,0.027732,0.00,0.00,0.00
collections_std,create,"5,000,000",0.138472,0.138472,0.000000,0.138472,0.138472,0.00,0.00,0.00
collections_std,filter,"100,000",0.001355,0.001355,0.000000,0.001355,0.001355,0.00,0.00,0.00
collections_std,filter,"500,000",0.006843,0.006843,0.000000,0.006843,0.006843,0.00,0.00,0.00
collections_std,filter,"1,000,000",0.016423,0.016423,0.000000,0.016423,0.016423,0.00,0.00,0.00
collections_std,filter,"5,000,000",0.074217,0.074217,0.000000,0.074217,0.074217,0.00,0.00,0.00
csv_std,create,"100,000",0.001838,0.001838,0.000000,0.001838,0.001838,0.00,0.00,0.00
csv_std,create,"500,000",0.002383,0.002383,0.000000,0.002383,0.002383,0.00,0.00,0.00
csv_std,create,"1,000,000",0.002275,0.002275,0.000000,0.002275,0.002275,0.00,0.00,0.00
csv_std,create,"5,000,000",0.001892,0.001892,0.000000,0.001892,0.001892,0.00,0.00,0.00
csv_std,filter,"100,000",0.001230,0.001230,0.000000,0.001230,0.001230,0.00,0.00,0.00
csv_std,filter,"500,000",0.001099,0.001099,0.000000,0.001099,0.001099,0.00,0.00,0.00
csv_std,filter,"1,000,000",0.001370,0.001370,0.000000,0.001370,0.001370,0.00,0.00,0.00
csv_std,filter,"5,000,000",0.001329,0.001329,0.000000,0.001329,0.001329,0.00,0.00,0.00
cython,aggregate,"100,000",0.008514,0.008514,0.000000,0.008514,0.008514,0.00,0.00,0.00
cython,aggregate,"500,000",0.008514,0.008514,0.000000,0.008514,0.008514,0.00,0.00,0.00
cython,aggregate,"1,000,000",0.008514,0.008514,0.000000,0.008514,0.008514,0.00,0.00,0.00
cython,aggregate,"5,000,000",0.008514,0.008514,0.000000,0.008514,0.008514,0.00,0.00,0.00
cython,create,"100,000",0.083973,0.083973,0.000000,0.083973,0.083973,0.00,0.00,0.00
cython,create,"500,000",0.083973,0.083973,0.000000,0.083973,0.083973,0.00,0.00,0.00
cython,create,"1,000,000",0.083973,0.083973,0.000000,0.083973,0.083973,0.00,0.00,0.00
cython,create,"5,000,000",0.083973,0.083973,0.000000,0.083973,0.083973,0.00,0.00,0.00
cython,filter,"100,000",0.012197,0.012197,0.000000,0.012197,0.012197,0.00,0.00,0.00
cython,filter,"500,000",0.012197,0.012197,0.000000,0.012197,0.012197,0.00,0.00,0.00
cython,filter,"1,000,000",0.012197,0.012197,0.000000,0.012197,0.012197,0.00,0.00,0.00
cython,filter,"5,000,000",0.012197,0.012197,0.000000,0.012197,0.012197,0.00,0.00,0.00
cython,join,"100,000",0.009914,0.009914,0.000000,0.009914,0.009914,0.00,0.00,0.00
cython,join,"500,000",0.009914,0.009914,0.000000,0.009914,0.009914,0.00,0.00,0.00
cython,join,"1,000,000",0.009914,0.009914,0.000000,0.009914,0.009914,0.00,0.00,0.00
cython,join,"5,000,000",0.009914,0.009914,0.000000,0.009914,0.009914,0.00,0.00,0.00
cython,sort,"100,000",0.010587,0.010587,0.000000,0.010587,0.010587,0.00,0.00,0.00
cython,sort,"500,000",0.010587,0.010587,0.000000,0.010587,0.010587,0.00,0.00,0.00
cython,sort,"1,000,000",0.010587,0.010587,0.000000,0.010587,0.010587,0.00,0.00,0.00
cython,sort,"5,000,000",0.010587,0.010587,0.000000,0.010587,0.010587,0.00,0.00,0.00
dask,aggregate,"100,000",0.023926,0.023926,0.000000,0.023926,0.023926,0.00,0.00,0.00
dask,aggregate,"500,000",0.062305,0.062305,0.000000,0.062305,0.062305,0.00,0.00,0.00
dask,aggregate,"1,000,000",0.104595,0.104595,0.000000,0.104595,0.104595,0.00,0.00,0.00
dask,aggregate,"5,000,000",0.481492,0.481492,0.000000,0.481492,0.481492,0.00,0.00,0.00
dask,create,"100,000",0.012170,0.012170,0.000000,0.012170,0.012170,0.00,0.00,0.00
dask,create,"500,000",0.048885,0.048885,0.000000,0.048885,0.048885,0.00,0.00,0.00
dask,create,"1,000,000",0.074547,0.074547,0.000000,0.074547,0.074547,0.00,0.00,0.00
dask,create,"5,000,000",0.446683,0.446683,0.000000,0.446683,0.446683,0.00,0.00,0.00
dask,filter,"100,000",0.025988,0.025988,0.000000,0.025988,0.025988,0.00,0.00,0.00
dask,filter,"500,000",0.077727,0.077727,0.000000,0.077727,0.077727,0.00,0.00,0.00
dask,filter,"1,000,000",0.129645,0.129645,0.000000,0.129645,0.129645,0.00,0.00,0.00
dask,filter,"5,000,000",0.659708,0.659708,0.000000,0.659708,0.659708,0.00,0.00,0.00
duckdb,aggregate,"100,000",0.006178,0.006178,0.000000,0.006178,0.006178,0.00,0.00,0.00
duckdb,aggregate,"500,000",0.005773,0.005773,0.000000,0.005773,0.005773,0.00,0.00,0.00
duckdb,aggregate,"1,000,000",0.004647,0.004647,0.000000,0.004647,0.004647,0.00,0.00,0.00
duckdb,aggregate,"5,000,000",0.012700,0.012700,0.000000,0.012700,0.012700,0.00,0.00,0.00
duckdb,create,"100,000",0.003311,0.003311,0.000000,0.003311,0.003311,0.00,0.00,0.00
duckdb,create,"500,000",0.003600,0.003600,0.000000,0.003600,0.003600,0.00,0.00,0.00
duckdb,create,"1,000,000",0.003108,0.003108,0.000000,0.003108,0.003108,0.00,0.00,0.00
duckdb,create,"5,000,000",0.004398,0.004398,0.000000,0.004398,0.004398,0.00,0.00,0.00
duckdb,filter,"100,000",0.015781,0.015781,0.000000,0.015781,0.015781,0.00,0.00,0.00
duckdb,filter,"500,000",0.055975,0.055975,0.000000,0.055975,0.055975,0.00,0.00,0.00
duckdb,filter,"1,000,000",0.117312,0.117312,0.000000,0.117312,0.117312,0.00,0.00,0.00
duckdb,filter,"5,000,000",0.640654,0.640654,0.000000,0.640654,0.640654,0.00,0.00,0.00
duckdb,join,"100,000",0.022594,0.022594,0.000000,0.022594,0.022594,0.00,0.00,0.00
duckdb,join,"500,000",0.085951,0.085951,0.000000,0.085951,0.085951,0.00,0.00,0.00
duckdb,join,"1,000,000",0.158120,0.158120,0.000000,0.158120,0.158120,0.00,0.00,0.00
duckdb,join,"5,000,000",0.785742,0.785742,0.000000,0.785742,0.785742,0.00,0.00,0.00
duckdb,sort,"100,000",0.036290,0.036290,0.000000,0.036290,0.036290,0.00,0.00,0.00
duckdb,sort,"500,000",0.130772,0.130772,0.000000,0.130772,0.130772,0.00,0.00,0.00
duckdb,sort,"1,000,000",0.242128,0.242128,0.000000,0.242128,0.242128,0.00,0.00,0.00
duckdb,sort,"5,000,000",1.604185,1.604185,0.000000,1.604185,1.604185,0.00,0.00,0.00
functools_std,create,"100,000",0.000027,0.000027,0.000000,0.000027,0.000027,0.00,0.00,0.00
functools_std,create,"500,000",0.000029,0.000029,0.000000,0.000029,0.000029,0.00,0.00,0.00
functools_std,create,"1,000,000",0.000031,0.000031,0.000000,0.000031,0.000031,0.00,0.00,0.00
functools_std,create,"5,000,000",0.000046,0.000046,0.000000,0.000046,0.000046,0.00,0.00,0.00
h5py,create,"100,000",0.012349,0.012349,0.000000,0.012349,0.012349,0.00,0.00,0.00
h5py,create,"500,000",0.043557,0.043557,0.000000,0.043557,0.043557,0.00,0.00,0.00
h5py,create,"1,000,000",0.090992,0.090992,0.000000,0.090992,0.090992,0.00,0.00,0.00
h5py,create,"5,000,000",0.455988,0.455988,0.000000,0.455988,0.455988,0.00,0.00,0.00
heapq_std,create,"100,000",0.000027,0.000027,0.000000,0.000027,0.000027,0.00,0.00,0.00
heapq_std,create,"500,000",0.000028,0.000028,0.000000,0.000028,0.000028,0.00,0.00,0.00
heapq_std,create,"1,000,000",0.000028,0.000028,0.000000,0.000028,0.000028,0.00,0.00,0.00
heapq_std,create,"5,000,000",0.000025,0.000025,0.000000,0.000025,0.000025,0.00,0.00,0.00
heapq_std,filter,"100,000",0.000048,0.000048,0.000000,0.000048,0.000048,0.00,0.00,0.00
heapq_std,filter,"500,000",0.000033,0.000033,0.000000,0.000033,0.000033,0.00,0.00,0.00
heapq_std,filter,"1,000,000",0.000032,0.000032,0.000000,0.000032,0.000032,0.00,0.00,0.00
heapq_std,filter,"5,000,000",0.000035,0.000035,0.000000,0.000035,0.000035,0.00,0.00,0.00
itertools_std,create,"100,000",0.044137,0.044137,0.000000,0.044137,0.044137,0.00,0.00,0.00
itertools_std,create,"500,000",0.911840,0.911840,0.000000,0.911840,0.911840,0.00,0.00,0.00
itertools_std,create,"1,000,000",1.928990,1.928990,0.000000,1.928990,1.928990,0.00,0.00,0.00
itertools_std,create,"5,000,000",11.855873,11.855873,0.000000,11.855873,11.855873,0.00,0.00,0.00
itertools_std,filter,"100,000",0.000053,0.000053,0.000000,0.000053,0.000053,0.00,0.00,0.00
itertools_std,filter,"500,000",0.000034,0.000034,0.000000,0.000034,0.000034,0.00,0.00,0.00
itertools_std,filter,"1,000,000",0.000036,0.000036,0.000000,0.000036,0.000036,0.00,0.00,0.00
itertools_std,filter,"5,000,000",0.000039,0.000039,0.000000,0.000039,0.000039,0.00,0.00,0.00
jax,aggregate,"100,000",0.023056,0.023056,0.000000,0.023056,0.023056,0.00,0.00,0.00
jax,aggregate,"500,000",0.023258,0.023258,0.000000,0.023258,0.023258,0.00,0.00,0.00
jax,aggregate,"1,000,000",0.023290,0.023290,0.000000,0.023290,0.023290,0.00,0.00,0.00
jax,aggregate,"5,000,000",0.026762,0.026762,0.000000,0.026762,0.026762,0.00,0.00,0.00
jax,create,"100,000",0.389875,0.389875,0.000000,0.389875,0.389875,0.00,0.00,0.00
jax,create,"500,000",1.768109,1.768109,0.000000,1.768109,1.768109,0.00,0.00,0.00
jax,create,"1,000,000",3.406959,3.406959,0.000000,3.406959,3.406959,0.00,0.00,0.00
jax,create,"5,000,000",14.905918,14.905918,0.000000,14.905918,14.905918,0.00,0.00,0.00
jax,filter,"100,000",0.111071,0.111071,0.000000,0.111071,0.111071,0.00,0.00,0.00
jax,filter,"500,000",0.191135,0.191135,0.000000,0.191135,0.191135,0.00,0.00,0.00
jax,filter,"1,000,000",0.279554,0.279554,0.000000,0.279554,0.279554,0.00,0.00,0.00
jax,filter,"5,000,000",1.160015,1.160015,0.000000,1.160015,1.160015,0.00,0.00,0.00
json_std,create,"100,000",0.001563,0.001563,0.000000,0.001563,0.001563,0.00,0.00,0.00
json_std,create,"500,000",0.001492,0.001492,0.000000,0.001492,0.001492,0.00,0.00,0.00
json_std,create,"1,000,000",0.001638,0.001638,0.000000,0.001638,0.001638,0.00,0.00,0.00
json_std,create,"5,000,000",0.002073,0.002073,0.000000,0.002073,0.002073,0.00,0.00,0.00
json_std,filter,"100,000",0.000883,0.000883,0.000000,0.000883,0.000883,0.00,0.00,0.00
json_std,filter,"500,000",0.000876,0.000876,0.000000,0.000876,0.000876,0.00,0.00,0.00
json_std,filter,"1,000,000",0.000944,0.000944,0.000000,0.000944,0.000944,0.00,0.00,0.00
json_std,filter,"5,000,000",0.000912,0.000912,0.000000,0.000912,0.000912,0.00,0.00,0.00
lightgbm,create,"100,000",0.000032,0.000032,0.000000,0.000032,0.000032,0.00,0.00,0.00
lightgbm,create,"500,000",0.000018,0.000018,0.000000,0.000018,0.000018,0.00,0.00,0.00
lightgbm,create,"1,000,000",0.000025,0.000025,0.000000,0.000025,0.000025,0.00,0.00,0.00
lightgbm,create,"5,000,000",0.000017,0.000017,0.000000,0.000017,0.000017,0.00,0.00,0.00
lightgbm,filter,"100,000",0.052986,0.052986,0.000000,0.052986,0.052986,0.00,0.00,0.00
lightgbm,filter,"500,000",0.003150,0.003150,0.000000,0.003150,0.003150,0.00,0.00,0.00
lightgbm,filter,"1,000,000",0.003831,0.003831,0.000000,0.003831,0.003831,0.00,0.00,0.00
lightgbm,filter,"5,000,000",0.004854,0.004854,0.000000,0.004854,0.004854,0.00,0.00,0.00
modin,aggregate,"100,000",0.011760,0.011760,0.000000,0.011760,0.011760,0.00,0.00,0.00
modin,aggregate,"500,000",0.017107,0.017107,0.000000,0.017107,0.017107,0.00,0.00,0.00
modin,aggregate,"1,000,000",0.012659,0.012659,0.000000,0.012659,0.012659,0.00,0.00,0.00
modin,aggregate,"5,000,000",0.013038,0.013038,0.000000,0.013038,0.013038,0.00,0.00,0.00
modin,create,"100,000",4.469070,4.469070,0.000000,4.469070,4.469070,0.00,0.00,0.00
modin,create,"500,000",6.962711,6.962711,0.000000,6.962711,6.962711,0.00,0.00,0.00
modin,create,"1,000,000",14.012523,14.012523,0.000000,14.012523,14.012523,0.00,0.00,0.00
modin,create,"5,000,000",70.488622,70.488622,0.000000,70.488622,70.488622,0.00,0.00,0.00
modin,filter,"100,000",0.216309,0.216309,0.000000,0.216309,0.216309,0.00,0.00,0.00
modin,filter,"500,000",0.061229,0.061229,0.000000,0.061229,0.061229,0.00,0.00,0.00
modin,filter,"1,000,000",0.066705,0.066705,0.000000,0.066705,0.066705,0.00,0.00,0.00
modin,filter,"5,000,000",0.288509,0.288509,0.000000,0.288509,0.288509,0.00,0.00,0.00
msgpack,create,"100,000",0.000081,0.000081,0.000000,0.000081,0.000081,0.00,0.00,0.00
msgpack,create,"500,000",0.000400,0.000400,0.000000,0.000400,0.000400,0.00,0.00,0.00
msgpack,create,"1,000,000",0.000158,0.000158,0.000000,0.000158,0.000158,0.00,0.00,0.00
msgpack,create,"5,000,000",0.001014,0.001014,0.000000,0.001014,0.001014,0.00,0.00,0.00
msgpack,filter,"100,000",0.000085,0.000085,0.000000,0.000085,0.000085,0.00,0.00,0.00
msgpack,filter,"500,000",0.000053,0.000053,0.000000,0.000053,0.000053,0.00,0.00,0.00
msgpack,filter,"1,000,000",0.000060,0.000060,0.000000,0.000060,0.000060,0.00,0.00,0.00
msgpack,filter,"5,000,000",0.000057,0.000057,0.000000,0.000057,0.000057,0.00,0.00,0.00
networkx,aggregate,"100,000",0.000196,0.000196,0.000000,0.000196,0.000196,0.00,0.00,0.00
networkx,aggregate,"500,000",0.000043,0.000043,0.000000,0.000043,0.000043,0.00,0.00,0.00
networkx,aggregate,"1,000,000",0.000033,0.000033,0.000000,0.000033,0.000033,0.00,0.00,0.00
networkx,aggregate,"5,000,000",0.000046,0.000046,0.000000,0.000046,0.000046,0.00,0.00,0.00
networkx,create,"100,000",0.000123,0.000123,0.000000,0.000123,0.000123,0.00,0.00,0.00
networkx,create,"500,000",0.000083,0.000083,0.000000,0.000083,0.000083,0.00,0.00,0.00
networkx,create,"1,000,000",0.000060,0.000060,0.000000,0.000060,0.000060,0.00,0.00,0.00
networkx,create,"5,000,000",0.000074,0.000074,0.000000,0.000074,0.000074,0.00,0.00,0.00
networkx,filter,"100,000",0.000318,0.000318,0.000000,0.000318,0.000318,0.00,0.00,0.00
networkx,filter,"500,000",0.000054,0.000054,0.000000,0.000054,0.000054,0.00,0.00,0.00
networkx,filter,"1,000,000",0.000080,0.000080,0.000000,0.000080,0.000080,0.00,0.00,0.00
networkx,filter,"5,000,000",0.000064,0.000064,0.000000,0.000064,0.000064,0.00,0.00,0.00
numba,create,"100,000",0.245038,0.245038,0.000000,0.245038,0.245038,0.00,0.00,0.00
numba,create,"500,000",0.021040,0.021040,0.000000,0.021040,0.021040,0.00,0.00,0.00
numba,create,"1,000,000",0.021660,0.021660,0.000000,0.021660,0.021660,0.00,0.00,0.00
numba,create,"5,000,000",0.023420,0.023420,0.000000,0.023420,0.023420,0.00,0.00,0.00
numpy,aggregate,"100,000",0.000613,0.000613,0.000000,0.000613,0.000613,0.00,0.00,0.00
numpy,aggregate,"500,000",0.000945,0.000945,0.000000,0.000945,0.000945,0.00,0.00,0.00
numpy,aggregate,"1,000,000",0.001422,0.001422,0.000000,0.001422,0.001422,0.00,0.00,0.00
numpy,aggregate,"5,000,000",0.006859,0.006859,0.000000,0.006859,0.006859,0.00,0.00,0.00
numpy,create,"100,000",0.007691,0.007691,0.000000,0.007691,0.007691,0.00,0.00,0.00
numpy,create,"500,000",0.038699,0.038699,0.000000,0.038699,0.038699,0.00,0.00,0.00
numpy,create,"1,000,000",0.076059,0.076059,0.000000,0.076059,0.076059,0.00,0.00,0.00
numpy,create,"5,000,000",0.362371,0.362371,0.000000,0.362371,0.362371,0.00,0.00,0.00
numpy,filter,"100,000",0.002583,0.002583,0.000000,0.002583,0.002583,0.00,0.00,0.00
numpy,filter,"500,000",0.014234,0.014234,0.000000,0.014234,0.014234,0.00,0.00,0.00
numpy,filter,"1,000,000",0.025909,0.025909,0.000000,0.025909,0.025909,0.00,0.00,0.00
numpy,filter,"5,000,000",0.130808,0.130808,0.000000,0.130808,0.130808,0.00,0.00,0.00
numpy,join,"100,000",0.000362,0.000362,0.000000,0.000362,0.000362,0.00,0.00,0.00
numpy,join,"500,000",0.001249,0.001249,0.000000,0.001249,0.001249,0.00,0.00,0.00
numpy,join,"1,000,000",0.001518,0.001518,0.000000,0.001518,0.001518,0.00,0.00,0.00
numpy,join,"5,000,000",0.009732,0.009732,0.000000,0.009732,0.009732,0.00,0.00,0.00
numpy,sort,"100,000",0.006682,0.006682,0.000000,0.006682,0.006682,0.00,0.00,0.00
numpy,sort,"500,000",0.038373,0.038373,0.000000,0.038373,0.038373,0.00,0.00,0.00
numpy,sort,"1,000,000",0.083254,0.083254,0.000000,0.083254,0.083254,0.00,0.00,0.00
numpy,sort,"5,000,000",0.565598,0.565598,0.000000,0.565598,0.565598,0.00,0.00,0.00
operator_std,create,"100,000",0.017376,0.017376,0.000000,0.017376,0.017376,0.00,0.00,0.00
operator_std,create,"500,000",0.105259,0.105259,0.000000,0.105259,0.105259,0.00,0.00,0.00
operator_std,create,"1,000,000",0.229581,0.229581,0.000000,0.229581,0.229581,0.00,0.00,0.00
operator_std,create,"5,000,000",1.471564,1.471564,0.000000,1.471564,1.471564,0.00,0.00,0.00
optuna,create,"100,000",0.001814,0.001814,0.000000,0.001814,0.001814,0.00,0.00,0.00
optuna,create,"500,000",0.001687,0.001687,0.000000,0.001687,0.001687,0.00,0.00,0.00
optuna,create,"1,000,000",0.001506,0.001506,0.000000,0.001506,0.001506,0.00,0.00,0.00
optuna,create,"5,000,000",0.001201,0.001201,0.000000,0.001201,0.001201,0.00,0.00,0.00
orjson,create,"100,000",0.000190,0.000190,0.000000,0.000190,0.000190,0.00,0.00,0.00
orjson,create,"500,000",0.000265,0.000265,0.000000,0.000265,0.000265,0.00,0.00,0.00
orjson,create,"1,000,000",0.000393,0.000393,0.000000,0.000393,0.000393,0.00,0.00,0.00
orjson,create,"5,000,000",0.000997,0.000997,0.000000,0.000997,0.000997,0.00,0.00,0.00
orjson,filter,"100,000",0.000454,0.000454,0.000000,0.000454,0.000454,0.00,0.00,0.00
orjson,filter,"500,000",0.000525,0.000525,0.000000,0.000525,0.000525,0.00,0.00,0.00
orjson,filter,"1,000,000",0.000382,0.000382,0.000000,0.000382,0.000382,0.00,0.00,0.00
orjson,filter,"5,000,000",0.000388,0.000388,0.000000,0.000388,0.000388,0.00,0.00,0.00
pandas,aggregate,"100,000",0.004583,0.004583,0.000000,0.004583,0.004583,0.00,0.00,0.00
pandas,aggregate,"500,000",0.014806,0.014806,0.000000,0.014806,0.014806,0.00,0.00,0.00
pandas,aggregate,"1,000,000",0.026308,0.026308,0.000000,0.026308,0.026308,0.00,0.00,0.00
pandas,aggregate,"5,000,000",0.127589,0.127589,0.000000,0.127589,0.127589,0.00,0.00,0.00
pandas,create,"100,000",0.056016,0.056016,0.000000,0.056016,0.056016,0.00,0.00,0.00
pandas,create,"500,000",0.283229,0.283229,0.000000,0.283229,0.283229,0.00,0.00,0.00
pandas,create,"1,000,000",0.526043,0.526043,0.000000,0.526043,0.526043,0.00,0.00,0.00
pandas,create,"5,000,000",2.571636,2.571636,0.000000,2.571636,2.571636,0.00,0.00,0.00
pandas,filter,"100,000",0.004594,0.004594,0.000000,0.004594,0.004594,0.00,0.00,0.00
pandas,filter,"500,000",0.017277,0.017277,0.000000,0.017277,0.017277,0.00,0.00,0.00
pandas,filter,"1,000,000",0.026487,0.026487,0.000000,0.026487,0.026487,0.00,0.00,0.00
pandas,filter,"5,000,000",0.125858,0.125858,0.000000,0.125858,0.125858,0.00,0.00,0.00
pandas,join,"100,000",0.010193,0.010193,0.000000,0.010193,0.010193,0.00,0.00,0.00
pandas,join,"500,000",0.052338,0.052338,0.000000,0.052338,0.052338,0.00,0.00,0.00
pandas,join,"1,000,000",0.099873,0.099873,0.000000,0.099873,0.099873,0.00,0.00,0.00
pandas,join,"5,000,000",0.623081,0.623081,0.000000,0.623081,0.623081,0.00,0.00,0.00
pandas,sort,"100,000",0.030360,0.030360,0.000000,0.030360,0.030360,0.00,0.00,0.00
pandas,sort,"500,000",0.162630,0.162630,0.000000,0.162630,0.162630,0.00,0.00,0.00
pandas,sort,"1,000,000",0.355549,0.355549,0.000000,0.355549,0.355549,0.00,0.00,0.00
pandas,sort,"5,000,000",2.799206,2.799206,0.000000,2.799206,2.799206,0.00,0.00,0.00
pickle_std,create,"100,000",0.000146,0.000146,0.000000,0.000146,0.000146,0.00,0.00,0.00
pickle_std,create,"500,000",0.000167,0.000167,0.000000,0.000167,0.000167,0.00,0.00,0.00
pickle_std,create,"1,000,000",0.000504,0.000504,0.000000,0.000504,0.000504,0.00,0.00,0.00
pickle_std,create,"5,000,000",0.000543,0.000543,0.000000,0.000543,0.000543,0.00,0.00,0.00
pickle_std,filter,"100,000",0.000156,0.000156,0.000000,0.000156,0.000156,0.00,0.00,0.00
pickle_std,filter,"500,000",0.000170,0.000170,0.000000,0.000170,0.000170,0.00,0.00,0.00
pickle_std,filter,"1,000,000",0.000163,0.000163,0.000000,0.000163,0.000163,0.00,0.00,0.00
pickle_std,filter,"5,000,000",0.000177,0.000177,0.000000,0.000177,0.000177,0.00,0.00,0.00
protobuf,aggregate,"100,000",0.028104,0.028104,0.000000,0.028104,0.028104,0.00,0.00,0.00
protobuf,aggregate,"500,000",0.028104,0.028104,0.000000,0.028104,0.028104,0.00,0.00,0.00
protobuf,aggregate,"1,000,000",0.028104,0.028104,0.000000,0.028104,0.028104,0.00,0.00,0.00
protobuf,aggregate,"5,000,000",0.028104,0.028104,0.000000,0.028104,0.028104,0.00,0.00,0.00
protobuf,create,"100,000",0.086992,0.086992,0.000000,0.086992,0.086992,0.00,0.00,0.00
protobuf,create,"500,000",0.086992,0.086992,0.000000,0.086992,0.086992,0.00,0.00,0.00
protobuf,create,"1,000,000",0.086992,0.086992,0.000000,0.086992,0.086992,0.00,0.00,0.00
protobuf,create,"5,000,000",0.086992,0.086992,0.000000,0.086992,0.086992,0.00,0.00,0.00
protobuf,filter,"100,000",0.001006,0.001006,0.000000,0.001006,0.001006,0.00,0.00,0.00
protobuf,filter,"500,000",0.001006,0.001006,0.000000,0.001006,0.001006,0.00,0.00,0.00
protobuf,filter,"1,000,000",0.001006,0.001006,0.000000,0.001006,0.001006,0.00,0.00,0.00
protobuf,filter,"5,000,000",0.001006,0.001006,0.000000,0.001006,0.001006,0.00,0.00,0.00
protobuf,join,"100,000",0.005607,0.005607,0.000000,0.005607,0.005607,0.00,0.00,0.00
protobuf,join,"500,000",0.005607,0.005607,0.000000,0.005607,0.005607,0.00,0.00,0.00
protobuf,join,"1,000,000",0.005607,0.005607,0.000000,0.005607,0.005607,0.00,0.00,0.00
protobuf,join,"5,000,000",0.005607,0.005607,0.000000,0.005607,0.005607,0.00,0.00,0.00
protobuf,sort,"100,000",0.013862,0.013862,0.000000,0.013862,0.013862,0.00,0.00,0.00
protobuf,sort,"500,000",0.013862,0.013862,0.000000,0.013862,0.013862,0.00,0.00,0.00
protobuf,sort,"1,000,000",0.013862,0.013862,0.000000,0.013862,0.013862,0.00,0.00,0.00
protobuf,sort,"5,000,000",0.013862,0.013862,0.000000,0.013862,0.013862,0.00,0.00,0.00
psycopg2,aggregate,"100,000",0.001236,0.001236,0.000000,0.001236,0.001236,0.00,0.00,0.00
psycopg2,aggregate,"500,000",0.001236,0.001236,0.000000,0.001236,0.001236,0.00,0.00,0.00
psycopg2,aggregate,"1,000,000",0.001236,0.001236,0.000000,0.001236,0.001236,0.00,0.00,0.00
psycopg2,aggregate,"5,000,000",0.001236,0.001236,0.000000,0.001236,0.001236,0.00,0.00,0.00
psycopg2,create,"100,000",0.056535,0.056535,0.000000,0.056535,0.056535,0.00,0.00,0.00
psycopg2,create,"500,000",0.056535,0.056535,0.000000,0.056535,0.056535,0.00,0.00,0.00
psycopg2,create,"1,000,000",0.056535,0.056535,0.000000,0.056535,0.056535,0.00,0.00,0.00
psycopg2,create,"5,000,000",0.056535,0.056535,0.000000,0.056535,0.056535,0.00,0.00,0.00
psycopg2,filter,"100,000",0.038319,0.038319,0.000000,0.038319,0.038319,0.00,0.00,0.00
psycopg2,filter,"500,000",0.038319,0.038319,0.000000,0.038319,0.038319,0.00,0.00,0.00
psycopg2,filter,"1,000,000",0.038319,0.038319,0.000000,0.038319,0.038319,0.00,0.00,0.00
psycopg2,filter,"5,000,000",0.038319,0.038319,0.000000,0.038319,0.038319,0.00,0.00,0.00
psycopg2,join,"100,000",0.025018,0.025018,0.000000,0.025018,0.025018,0.00,0.00,0.00
psycopg2,join,"500,000",0.025018,0.025018,0.000000,0.025018,0.025018,0.00,0.00,0.00
psycopg2,join,"1,000,000",0.025018,0.025018,0.000000,0.025018,0.025018,0.00,0.00,0.00
psycopg2,join,"5,000,000",0.025018,0.025018,0.000000,0.025018,0.025018,0.00,0.00,0.00
psycopg2,sort,"100,000",0.020090,0.020090,0.000000,0.020090,0.020090,0.00,0.00,0.00
psycopg2,sort,"500,000",0.020090,0.020090,0.000000,0.020090,0.020090,0.00,0.00,0.00
psycopg2,sort,"1,000,000",0.020090,0.020090,0.000000,0.020090,0.020090,0.00,0.00,0.00
psycopg2,sort,"5,000,000",0.020090,0.020090,0.000000,0.020090,0.020090,0.00,0.00,0.00
pyarrow,aggregate,"100,000",0.002779,0.002779,0.000000,0.002779,0.002779,0.00,0.00,0.00
pyarrow,aggregate,"500,000",0.004348,0.004348,0.000000,0.004348,0.004348,0.00,0.00,0.00
pyarrow,aggregate,"1,000,000",0.007951,0.007951,0.000000,0.007951,0.007951,0.00,0.00,0.00
pyarrow,aggregate,"5,000,000",0.040403,0.040403,0.000000,0.040403,0.040403,0.00,0.00,0.00
pyarrow,create,"100,000",0.010469,0.010469,0.000000,0.010469,0.010469,0.00,0.00,0.00
pyarrow,create,"500,000",0.048872,0.048872,0.000000,0.048872,0.048872,0.00,0.00,0.00
pyarrow,create,"1,000,000",0.086768,0.086768,0.000000,0.086768,0.086768,0.00,0.00,0.00
pyarrow,create,"5,000,000",0.467103,0.467103,0.000000,0.467103,0.467103,0.00,0.00,0.00
pyarrow,filter,"100,000",0.002945,0.002945,0.000000,0.002945,0.002945,0.00,0.00,0.00
pyarrow,filter,"500,000",0.010021,0.010021,0.000000,0.010021,0.010021,0.00,0.00,0.00
pyarrow,filter,"1,000,000",0.018194,0.018194,0.000000,0.018194,0.018194,0.00,0.00,0.00
pyarrow,filter,"5,000,000",0.125249,0.125249,0.000000,0.125249,0.125249,0.00,0.00,0.00
pymongo,aggregate,"100,000",0.038046,0.038046,0.000000,0.038046,0.038046,0.00,0.00,0.00
pymongo,aggregate,"500,000",0.038046,0.038046,0.000000,0.038046,0.038046,0.00,0.00,0.00
pymongo,aggregate,"1,000,000",0.038046,0.038046,0.000000,0.038046,0.038046,0.00,0.00,0.00
pymongo,aggregate,"5,000,000",0.038046,0.038046,0.000000,0.038046,0.038046,0.00,0.00,0.00
pymongo,create,"100,000",0.029693,0.029693,0.000000,0.029693,0.029693,0.00,0.00,0.00
pymongo,create,"500,000",0.029693,0.029693,0.000000,0.029693,0.029693,0.00,0.00,0.00
pymongo,create,"1,000,000",0.029693,0.029693,0.000000,0.029693,0.029693,0.00,0.00,0.00
pymongo,create,"5,000,000",0.029693,0.029693,0.000000,0.029693,0.029693,0.00,0.00,0.00
pymongo,filter,"100,000",0.004306,0.004306,0.000000,0.004306,0.004306,0.00,0.00,0.00
pymongo,filter,"500,000",0.004306,0.004306,0.000000,0.004306,0.004306,0.00,0.00,0.00
pymongo,filter,"1,000,000",0.004306,0.004306,0.000000,0.004306,0.004306,0.00,0.00,0.00
pymongo,filter,"5,000,000",0.004306,0.004306,0.000000,0.004306,0.004306,0.00,0.00,0.00
pymongo,join,"100,000",0.044417,0.044417,0.000000,0.044417,0.044417,0.00,0.00,0.00
pymongo,join,"500,000",0.044417,0.044417,0.000000,0.044417,0.044417,0.00,0.00,0.00
pymongo,join,"1,000,000",0.044417,0.044417,0.000000,0.044417,0.044417,0.00,0.00,0.00
pymongo,join,"5,000,000",0.044417,0.044417,0.000000,0.044417,0.044417,0.00,0.00,0.00
pymongo,sort,"100,000",0.001350,0.001350,0.000000,0.001350,0.001350,0.00,0.00,0.00
pymongo,sort,"500,000",0.001350,0.001350,0.000000,0.001350,0.001350,0.00,0.00,0.00
pymongo,sort,"1,000,000",0.001350,0.001350,0.000000,0.001350,0.001350,0.00,0.00,0.00
pymongo,sort,"5,000,000",0.001350,0.001350,0.000000,0.001350,0.001350,0.00,0.00,0.00
redis,aggregate,"100,000",0.007635,0.007635,0.000000,0.007635,0.007635,0.00,0.00,0.00
redis,aggregate,"500,000",0.007635,0.007635,0.000000,0.007635,0.007635,0.00,0.00,0.00
redis,aggregate,"1,000,000",0.007635,0.007635,0.000000,0.007635,0.007635,0.00,0.00,0.00
redis,aggregate,"5,000,000",0.007635,0.007635,0.000000,0.007635,0.007635,0.00,0.00,0.00
redis,create,"100,000",0.071468,0.071468,0.000000,0.071468,0.071468,0.00,0.00,0.00
redis,create,"500,000",0.071468,0.071468,0.000000,0.071468,0.071468,0.00,0.00,0.00
redis,create,"1,000,000",0.071468,0.071468,0.000000,0.071468,0.071468,0.00,0.00,0.00
redis,create,"5,000,000",0.071468,0.071468,0.000000,0.071468,0.071468,0.00,0.00,0.00
redis,filter,"100,000",0.011865,0.011865,0.000000,0.011865,0.011865,0.00,0.00,0.00
redis,filter,"500,000",0.011865,0.011865,0.000000,0.011865,0.011865,0.00,0.00,0.00
redis,filter,"1,000,000",0.011865,0.011865,0.000000,0.011865,0.011865,0.00,0.00,0.00
redis,filter,"5,000,000",0.011865,0.011865,0.000000,0.011865,0.011865,0.00,0.00,0.00
redis,join,"100,000",0.044501,0.044501,0.000000,0.044501,0.044501,0.00,0.00,0.00
redis,join,"500,000",0.044501,0.044501,0.000000,0.044501,0.044501,0.00,0.00,0.00
redis,join,"1,000,000",0.044501,0.044501,0.000000,0.044501,0.044501,0.00,0.00,0.00
redis,join,"5,000,000",0.044501,0.044501,0.000000,0.044501,0.044501,0.00,0.00,0.00
redis,sort,"100,000",0.036597,0.036597,0.000000,0.036597,0.036597,0.00,0.00,0.00
redis,sort,"500,000",0.036597,0.036597,0.000000,0.036597,0.036597,0.00,0.00,0.00
redis,sort,"1,000,000",0.036597,0.036597,0.000000,0.036597,0.036597,0.00,0.00,0.00
redis,sort,"5,000,000",0.036597,0.036597,0.000000,0.036597,0.036597,0.00,0.00,0.00
scipy,aggregate,"100,000",0.000466,0.000466,0.000000,0.000466,0.000466,0.00,0.00,0.00
scipy,aggregate,"500,000",0.000417,0.000417,0.000000,0.000417,0.000417,0.00,0.00,0.00
scipy,aggregate,"1,000,000",0.000398,0.000398,0.000000,0.000398,0.000398,0.00,0.00,0.00
scipy,aggregate,"5,000,000",0.000312,0.000312,0.000000,0.000312,0.000312,0.00,0.00,0.00
scipy,create,"100,000",0.000762,0.000762,0.000000,0.000762,0.000762,0.00,0.00,0.00
scipy,create,"500,000",0.000585,0.000585,0.000000,0.000585,0.000585,0.00,0.00,0.00
scipy,create,"1,000,000",0.000700,0.000700,0.000000,0.000700,0.000700,0.00,0.00,0.00
scipy,create,"5,000,000",0.000521,0.000521,0.000000,0.000521,0.000521,0.00,0.00,0.00
scipy,filter,"100,000",0.000094,0.000094,0.000000,0.000094,0.000094,0.00,0.00,0.00
scipy,filter,"500,000",0.000107,0.000107,0.000000,0.000107,0.000107,0.00,0.00,0.00
scipy,filter,"1,000,000",0.000098,0.000098,0.000000,0.000098,0.000098,0.00,0.00,0.00
scipy,filter,"5,000,000",0.000122,0.000122,0.000000,0.000122,0.000122,0.00,0.00,0.00
sklearn,create,"100,000",0.000017,0.000017,0.000000,0.000017,0.000017,0.00,0.00,0.00
sklearn,create,"500,000",0.000018,0.000018,0.000000,0.000018,0.000018,0.00,0.00,0.00
sklearn,create,"1,000,000",0.000015,0.000015,0.000000,0.000015,0.000015,0.00,0.00,0.00
sklearn,create,"5,000,000",0.000010,0.000010,0.000000,0.000010,0.000010,0.00,0.00,0.00
sklearn,filter,"100,000",0.005285,0.005285,0.000000,0.005285,0.005285,0.00,0.00,0.00
sklearn,filter,"500,000",0.004670,0.004670,0.000000,0.004670,0.004670,0.00,0.00,0.00
sklearn,filter,"1,000,000",0.004240,0.004240,0.000000,0.004240,0.004240,0.00,0.00,0.00
sklearn,filter,"5,000,000",0.004315,0.004315,0.000000,0.004315,0.004315,0.00,0.00,0.00
sqlalchemy,aggregate,"100,000",0.027696,0.027696,0.000000,0.027696,0.027696,0.00,0.00,0.00
sqlalchemy,aggregate,"500,000",0.129817,0.129817,0.000000,0.129817,0.129817,0.00,0.00,0.00
sqlalchemy,aggregate,"1,000,000",0.268073,0.268073,0.000000,0.268073,0.268073,0.00,0.00,0.00
sqlalchemy,aggregate,"5,000,000",1.579806,1.579806,0.000000,1.579806,1.579806,0.00,0.00,0.00
sqlalchemy,create,"100,000",0.293678,0.293678,0.000000,0.293678,0.293678,0.00,0.00,0.00
sqlalchemy,create,"500,000",1.640116,1.640116,0.000000,1.640116,1.640116,0.00,0.00,0.00
sqlalchemy,create,"1,000,000",3.564731,3.564731,0.000000,3.564731,3.564731,0.00,0.00,0.00
sqlalchemy,create,"5,000,000",18.777417,18.777417,0.000000,18.777417,18.777417,0.00,0.00,0.00
sqlalchemy,filter,"100,000",0.132698,0.132698,0.000000,0.132698,0.132698,0.00,0.00,0.00
sqlalchemy,filter,"500,000",0.810716,0.810716,0.000000,0.810716,0.810716,0.00,0.00,0.00
sqlalchemy,filter,"1,000,000",1.891610,1.891610,0.000000,1.891610,1.891610,0.00,0.00,0.00
sqlalchemy,filter,"5,000,000",9.213556,9.213556,0.000000,9.213556,9.213556,0.00,0.00,0.00
sqlite3_std,aggregate,"100,000",0.034367,0.034367,0.000000,0.034367,0.034367,0.00,0.00,0.00
sqlite3_std,aggregate,"500,000",0.172855,0.172855,0.000000,0.172855,0.172855,0.00,0.00,0.00
sqlite3_std,aggregate,"1,000,000",0.408431,0.408431,0.000000,0.408431,0.408431,0.00,0.00,0.00
sqlite3_std,aggregate,"5,000,000",1.880969,1.880969,0.000000,1.880969,1.880969,0.00,0.00,0.00
sqlite3_std,create,"100,000",0.099384,0.099384,0.000000,0.099384,0.099384,0.00,0.00,0.00
sqlite3_std,create,"500,000",0.505448,0.505448,0.000000,0.505448,0.505448,0.00,0.00,0.00
sqlite3_std,create,"1,000,000",1.013573,1.013573,0.000000,1.013573,1.013573,0.00,0.00,0.00
sqlite3_std,create,"5,000,000",5.151212,5.151212,0.000000,5.151212,5.151212,0.00,0.00,0.00
sqlite3_std,filter,"100,000",0.076820,0.076820,0.000000,0.076820,0.076820,0.00,0.00,0.00
sqlite3_std,filter,"500,000",0.394078,0.394078,0.000000,0.394078,0.394078,0.00,0.00,0.00
sqlite3_std,filter,"1,000,000",0.822009,0.822009,0.000000,0.822009,0.822009,0.00,0.00,0.00
sqlite3_std,filter,"5,000,000",4.050404,4.050404,0.000000,4.050404,4.050404,0.00,0.00,0.00
statsmodels,create,"100,000",0.000154,0.000154,0.000000,0.000154,0.000154,0.00,0.00,0.00
statsmodels,create,"500,000",0.000128,0.000128,0.000000,0.000128,0.000128,0.00,0.00,0.00
statsmodels,create,"1,000,000",0.000139,0.000139,0.000000,0.000139,0.000139,0.00,0.00,0.00
statsmodels,create,"5,000,000",0.000132,0.000132,0.000000,0.000132,0.000132,0.00,0.00,0.00
statsmodels,filter,"100,000",0.000306,0.000306,0.000000,0.000306,0.000306,0.00,0.00,0.00
statsmodels,filter,"500,000",0.000172,0.000172,0.000000,0.000172,0.000172,0.00,0.00,0.00
statsmodels,filter,"1,000,000",0.000899,0.000899,0.000000,0.000899,0.000899,0.00,0.00,0.00
statsmodels,filter,"5,000,000",0.000911,0.000911,0.000000,0.000911,0.000911,0.00,0.00,0.00
sympy,aggregate,"100,000",0.012179,0.012179,0.000000,0.012179,0.012179,0.00,0.00,0.00
sympy,aggregate,"500,000",0.000420,0.000420,0.000000,0.000420,0.000420,0.00,0.00,0.00
sympy,aggregate,"1,000,000",0.000419,0.000419,0.000000,0.000419,0.000419,0.00,0.00,0.00
sympy,aggregate,"5,000,000",0.000301,0.000301,0.000000,0.000301,0.000301,0.00,0.00,0.00
sympy,create,"100,000",0.019959,0.019959,0.000000,0.019959,0.019959,0.00,0.00,0.00
sympy,create,"500,000",0.000034,0.000034,0.000000,0.000034,0.000034,0.00,0.00,0.00
sympy,create,"1,000,000",0.000024,0.000024,0.000000,0.000024,0.000024,0.00,0.00,0.00
sympy,create,"5,000,000",0.000029,0.000029,0.000000,0.000029,0.000029,0.00,0.00,0.00
sympy,filter,"100,000",0.006684,0.006684,0.000000,0.006684,0.006684,0.00,0.00,0.00
sympy,filter,"500,000",0.000106,0.000106,0.000000,0.000106,0.000106,0.00,0.00,0.00
sympy,filter,"1,000,000",0.000093,0.000093,0.000000,0.000093,0.000093,0.00,0.00,0.00
sympy,filter,"5,000,000",0.000098,0.000098,0.000000,0.000098,0.000098,0.00,0.00,0.00
tensorflow,aggregate,"100,000",0.000786,0.000786,0.000000,0.000786,0.000786,0.00,0.00,0.00
tensorflow,aggregate,"500,000",0.000324,0.000324,0.000000,0.000324,0.000324,0.00,0.00,0.00
tensorflow,aggregate,"1,000,000",0.000375,0.000375,0.000000,0.000375,0.000375,0.00,0.00,0.00
tensorflow,aggregate,"5,000,000",0.000708,0.000708,0.000000,0.000708,0.000708,0.00,0.00,0.00
tensorflow,create,"100,000",0.010769,0.010769,0.000000,0.010769,0.010769,0.00,0.00,0.00
tensorflow,create,"500,000",0.006336,0.006336,0.000000,0.006336,0.006336,0.00,0.00,0.00
tensorflow,create,"1,000,000",0.012784,0.012784,0.000000,0.012784,0.012784,0.00,0.00,0.00
tensorflow,create,"5,000,000",0.067177,0.067177,0.000000,0.067177,0.067177,0.00,0.00,0.00
tensorflow,filter,"100,000",0.010821,0.010821,0.000000,0.010821,0.010821,0.00,0.00,0.00
tensorflow,filter,"500,000",0.008635,0.008635,0.000000,0.008635,0.008635,0.00,0.00,0.00
tensorflow,filter,"1,000,000",0.013437,0.013437,0.000000,0.013437,0.013437,0.00,0.00,0.00
tensorflow,filter,"5,000,000",0.063353,0.063353,0.000000,0.063353,0.063353,0.00,0.00,0.00
toml,create,"100,000",0.000185,0.000185,0.000000,0.000185,0.000185,0.00,0.00,0.00
toml,create,"500,000",0.000159,0.000159,0.000000,0.000159,0.000159,0.00,0.00,0.00
toml,create,"1,000,000",0.000166,0.000166,0.000000,0.000166,0.000166,0.00,0.00,0.00
toml,create,"5,000,000",0.000169,0.000169,0.000000,0.000169,0.000169,0.00,0.00,0.00
toml,filter,"100,000",0.000511,0.000511,0.000000,0.000511,0.000511,0.00,0.00,0.00
toml,filter,"500,000",0.000481,0.000481,0.000000,0.000481,0.000481,0.00,0.00,0.00
toml,filter,"1,000,000",0.000506,0.000506,0.000000,0.000506,0.000506,0.00,0.00,0.00
toml,filter,"5,000,000",0.000484,0.000484,0.000000,0.000484,0.000484,0.00,0.00,0.00
torch,aggregate,"100,000",0.000194,0.000194,0.000000,0.000194,0.000194,0.00,0.00,0.00
torch,aggregate,"500,000",0.000126,0.000126,0.000000,0.000126,0.000126,0.00,0.00,0.00
torch,aggregate,"1,000,000",0.000171,0.000171,0.000000,0.000171,0.000171,0.00,0.00,0.00
torch,aggregate,"5,000,000",0.000620,0.000620,0.000000,0.000620,0.000620,0.00,0.00,0.00
torch,create,"100,000",0.007818,0.007818,0.000000,0.007818,0.007818,0.00,0.00,0.00
torch,create,"500,000",0.036833,0.036833,0.000000,0.036833,0.036833,0.00,0.00,0.00
torch,create,"1,000,000",0.074368,0.074368,0.000000,0.074368,0.074368,0.00,0.00,0.00
torch,create,"5,000,000",0.370637,0.370637,0.000000,0.370637,0.370637,0.00,0.00,0.00
torch,filter,"100,000",0.002015,0.002015,0.000000,0.002015,0.002015,0.00,0.00,0.00
torch,filter,"500,000",0.011253,0.011253,0.000000,0.011253,0.011253,0.00,0.00,0.00
torch,filter,"1,000,000",0.019807,0.019807,0.000000,0.019807,0.019807,0.00,0.00,0.00
torch,filter,"5,000,000",0.106263,0.106263,0.000000,0.106263,0.106263,0.00,0.00,0.00
ujson,create,"100,000",0.001430,0.001430,0.000000,0.001430,0.001430,0.00,0.00,0.00
ujson,create,"500,000",0.001558,0.001558,0.000000,0.001558,0.001558,0.00,0.00,0.00
ujson,create,"1,000,000",0.001553,0.001553,0.000000,0.001553,0.001553,0.00,0.00,0.00
ujson,create,"5,000,000",0.000981,0.000981,0.000000,0.000981,0.000981,0.00,0.00,0.00
ujson,filter,"100,000",0.000845,0.000845,0.000000,0.000845,0.000845,0.00,0.00,0.00
ujson,filter,"500,000",0.000735,0.000735,0.000000,0.000735,0.000735,0.00,0.00,0.00
ujson,filter,"1,000,000",0.000789,0.000789,0.000000,0.000789,0.000789,0.00,0.00,0.00
ujson,filter,"5,000,000",0.001190,0.001190,0.000000,0.001190,0.001190,0.00,0.00,0.00
xarray,aggregate,"100,000",0.000838,0.000838,0.000000,0.000838,0.000838,0.00,0.00,0.00
xarray,aggregate,"500,000",0.001612,0.001612,0.000000,0.001612,0.001612,0.00,0.00,0.00
xarray,aggregate,"1,000,000",0.003104,0.003104,0.000000,0.003104,0.003104,0.00,0.00,0.00
xarray,aggregate,"5,000,000",0.013014,0.013014,0.000000,0.013014,0.013014,0.00,0.00,0.00
xarray,create,"100,000",0.002756,0.002756,0.000000,0.002756,0.002756,0.00,0.00,0.00
xarray,create,"500,000",0.002785,0.002785,0.000000,0.002785,0.002785,0.00,0.00,0.00
xarray,create,"1,000,000",0.003753,0.003753,0.000000,0.003753,0.003753,0.00,0.00,0.00
xarray,create,"5,000,000",0.012868,0.012868,0.000000,0.012868,0.012868,0.00,0.00,0.00
xarray,filter,"100,000",0.053011,0.053011,0.000000,0.053011,0.053011,0.00,0.00,0.00
xarray,filter,"500,000",0.250680,0.250680,0.000000,0.250680,0.250680,0.00,0.00,0.00
xarray,filter,"1,000,000",0.487920,0.487920,0.000000,0.487920,0.487920,0.00,0.00,0.00
xarray,filter,"5,000,000",2.401169,2.401169,0.000000,2.401169,2.401169,0.00,0.00,0.00
yaml,create,"100,000",0.001839,0.001839,0.000000,0.001839,0.001839,0.00,0.00,0.00
yaml,create,"500,000",0.001887,0.001887,0.000000,0.001887,0.001887,0.00,0.00,0.00
yaml,create,"1,000,000",0.001674,0.001674,0.000000,0.001674,0.001674,0.00,0.00,0.00
yaml,create,"5,000,000",0.001767,0.001767,0.000000,0.001767,0.001767,0.00,0.00,0.00
yaml,filter,"100,000",0.003834,0.003834,0.000000,0.003834,0.003834,0.00,0.00,0.00
yaml,filter,"500,000",0.003586,0.003586,0.000000,0.003586,0.003586,0.00,0.00,0.00
yaml,filter,"1,000,000",0.006259,0.006259,0.000000,0.006259,0.006259,0.00,0.00,0.00
yaml,filter,"5,000,000",0.003609,0.003609,0.000000,0.003609,0.003609,0.00,0.00,0.00
